market_segment,customer_count,order_count,total_revenue,avg_order_value,revenue_per_customer,orders_per_customer,revenue_share_pct,customer_share_pct
BUILDING,20147,166156,25046770197.22,150742.49619165,1243200.98263861,8.247183,20.241147,20.1862
HOUSEHOLD,19985,164153,24803857109.71,151102.06398732,1241123.69825919,8.21381,20.04484,20.0238
FURNITURE,19923,163482,24761940659.7,151465.85348662,1242882.12918235,8.205692,20.010966,19.9617
MACHINERY,19910,162904,24621658436.45,151142.13546905,1236647.8370894,8.182019,19.8976,19.9487
AUTOMOBILE,19841,161974,24507626859.95,151305.93095157,1235201.1924777,8.163601,19.805447,19.8796
